x1,x2,x3,y
-0.4943892830455543,-1.0,-0.34031220033670007,3.5349871413782834
0.3498731775849866,0.6979969148072227,0.8736051701191729,3.2243173752738614
0.5972935726958886,-1.0,-0.8992192450033099,-15.571607600221197
-1.0,-0.22490223879425053,0.6759844387434595,-1.114915868527735
1.0,1.0,-0.5437833545695137,21.684773990496687
1.0,0.6862458799042435,0.0876646805611625,8.349610863225507
0.9686513136514716,0.099340310877021,-0.06325080993283327,4.245326601460635
0.07657458387109295,0.5802022694145357,0.808121283421581,1.6304511061910418
-1.0,1.0,-0.17308853680461045,10.15927636086606
-0.1727936220193571,-0.029709662910402557,0.23082084547614867,1.1584236125590992
-0.8505677007189589,-1.0,0.08893241496994975,7.240835836899113
-0.5985143295391013,0.41791100676167603,1.0,3.3126566437857625
-1.0,-0.9204398685163211,-0.6741137844515179,4.040586413610754
-1.0,0.4311599947472027,-0.04677976293221242,-3.649067520215918
1.0,0.4545051024179847,-0.15244666703928234,6.5058843368274495
-0.7951238573331592,-0.5490668740606373,-0.4190927942465208,2.092684979284291
0.2527479087149027,-1.0,0.6464874030053203,-0.1515309994057878
-0.2970691707479358,-0.11261881361221704,0.7173177319800506,0.39187784939004955
-0.40269642457045673,-0.3962627725323171,-0.02741708014094346,0.5668371018879657
-0.7046641782764622,-0.2489071097781892,1.0,2.2159820264782697
0.5549166364759497,0.49091052667867996,1.0,4.245560766878804
0.6990872636993346,-0.02235537677260213,0.7905875782614433,1.447301047744483
1.0,0.15643785686971978,0.36930452985862283,5.350988387379295
-0.13323860813688548,1.0,-0.8808544424601927,6.922867225855081
-1.0,0.0898945466890595,1.0,2.8520746726433908
-1.0,-0.6469301031808163,0.6870554617939804,5.672876130436777
0.27872816827905744,0.07457987181894854,-0.4570968918765377,1.254362594597413
-0.09735783042080048,-1.0,0.6480476086251892,-0.3395340076159287
0.012633026603032116,-1.0,-0.4704078647535763,1.077766310781281
1.0,0.4785545896228456,-0.8457069495926652,10.078410419593432
-0.04066396863048927,1.0,-0.056703223889887466,7.925686826632844
0.3269437193028837,-0.2960211684288856,-0.6980632698289455,0.7439938038324425
-0.6648383833840381,0.5678632200917997,1.0,4.8205892351171356
-0.0682182632539412,-1.0,-0.016638316274915965,1.6602817093398148
0.604083668393564,0.053827625698015025,0.950044552456877,1.145654412380947
0.9689283910403259,0.05314519768638837,-0.04702549015014279,4.636638319178659
-0.5242090714329042,-1.0,1.0,-1.9328601802232979
0.5913718664714356,-1.0,-1.0,-23.60531682550749
1.0,-1.0,1.0,-9.283816894060333
0.5892265901861309,1.0,-0.32450119972477753,9.795358412466324
0.3643024900131717,-1.0,0.5061434780878868,0.6444740866230001
0.880513108338264,-1.0,-1.0,-27.69511257676548
-0.2764552337746222,-0.40709254992988186,-0.08974729043753427,0.9581084217362128
-0.5052263801903163,0.9205748605937152,-0.20378381943451207,2.35146156808164
-1.0,0.8901172188130897,1.0,14.06204770528772
-0.0075866206478512055,-1.0,-0.11617319524709324,1.640547057991668
0.03254085046309374,-0.6520265891521815,0.7121647089457761,0.626082458702469
-1.0,0.5336443273959759,0.20992646931254644,-2.8652840672972597
0.381169650873985,0.22630814146314826,1.0,1.5403563214918052
0.7116785974537734,1.0,-0.5871808649444561,13.441524374754884
-0.6069127304272406,0.52366464618291,0.1960906768145556,-2.136207666250605
1.0,1.0,-0.7587500526832682,28.204579410622436
-0.07636870689970321,1.0,0.13106313699550864,7.198136096995329
1.0,-1.0,-0.7741519884254828,-16.753615538313035
-0.040866132390067866,-0.5210995522350497,0.22636987061046776,0.2033396339203286
0.0026457310965326553,-0.12054353914376925,-0.8201273958684347,-0.8125720773834123
-0.8926852059033876,-0.10747400198569013,1.0,3.0468424650779333
-0.8217683609918178,-1.0,-0.6145346096378193,3.5840578926062543
0.3583762300872113,-1.0,-1.0,-20.50066841305672
0.22318403993483615,-0.698817938909305,0.393033404936979,0.9669696797018225
-0.7698748012647063,0.0026733496591742067,1.0,2.887787911286523
-0.045598117034231,-0.7002514373727233,-1.0,-8.19474680817947
0.9016593846551813,-1.0,-1.0,-28.599490088189754
0.9961872459705221,0.9035281664483488,0.2910817849584104,11.218753214474463
0.571438462817798,0.8524059360338525,0.4163218425429265,3.211070189406885
-1.0,1.0,0.3196154278832837,3.3977646494120046
-0.06529755105757373,-0.9407710236327778,-0.3054041175750841,2.349309337183552
-0.17740131824065086,-0.6792191607491809,-1.0,-6.589277610314954
0.4634957744912409,-0.025018331724333098,-1.0,-3.099247106364676
1.0,-0.6159866741963316,0.13162835234795112,2.510168090625742
1.0,-0.7983637526768923,1.0,-1.0877710361175603
-0.0851938067304463,0.009993170562053955,-0.1780737454249799,0.1888272244353229
0.302701147018994,0.6807312262729739,-0.92500863446685,-0.9411866756526834
-1.0,0.31085902379620056,-0.003931839231682055,-4.546183147271
-0.2987070915359469,1.0,-0.3859201639062202,7.834980404598148
0.3908614557007646,0.14044161213479334,1.0,0.7475325396323933
0.12034629134769315,1.0,-0.48549402144304876,9.899890281869107
1.0,-0.4715784392412288,-1.0,2.0885762321595425
-0.9491267314367042,1.0,0.7343647146189112,2.3610773446335056
1.0,-0.17788167749961326,-1.0,6.777377934778728
0.4076087651279994,0.22580495990513638,1.0,0.8069008928613405
-1.0,-0.9159693683565342,1.0,19.39283177890837
1.0,1.0,0.7019386590211396,15.153729075393285
-0.4906800509556495,-0.44883299046265956,0.2677531777191635,0.16939176349653312
-0.1037348853778235,-0.8208154213017109,-1.0,-9.960311303618534
1.0,0.37705263670721534,-0.6751730385310413,5.897320030420636
-1.0,-0.9504227552868101,-0.36540855625744584,4.617594076385001
0.282568574922039,-0.05460800248680586,-0.6545548634007008,1.6125905401669198
0.22498141682673456,-0.9495526765390321,-0.740060948889975,-4.781627679744012
1.0,0.6793049504121276,-1.0,15.592098788685826
1.0,-1.0,-0.7780088696861405,-16.898054481582808
0.4455733277173981,0.1982929155089459,1.0,0.8459423973678549
1.0,-1.0,0.4896817042268624,-6.372184105984241
0.15969986711782513,1.0,0.41290303666001593,7.813878182702073
-0.4708675979553705,0.14322507874605073,-1.0,-1.350530212379943
-0.293690703785229,-1.0,0.15113934877406177,2.989690316269619
0.7823651034198793,-0.39201336857663915,-0.1507893765749253,1.4430616493279567
-1.0,-0.1730109219321121,0.8802505646745518,1.3205219246090303
-0.13091638054697774,-0.5046381142799434,-1.0,-4.816383091525975
1.0,0.861536095248767,0.5456456965062983,13.144206077923318
-1.0,-0.14840699837596194,0.6599713579996884,-1.545636554744115
-0.659608354118127,-0.7862953689485557,-1.0,-2.423086930917305
0.3866621630107221,-0.20066337806795587,0.6943608726062309,0.4592235547947675
-0.13518679689907054,-1.0,0.9591373095709015,-5.463112762994717
0.7917060688703832,0.4646757395092398,0.20660103394851848,3.316892951685535
-0.8350889747565968,0.6429675961416068,1.0,6.2696240999074515
0.3555265093483553,0.17966015859658757,-0.6789790076853055,1.0657262008625163
-0.9835781172935292,-1.0,0.6270209193866807,14.262643497204916
-0.12495155276790815,-1.0,-0.3144429068887824,1.7336084338592443
1.0,0.24253262352086224,0.7786949991398358,11.760091578725174
-0.5624164640123597,0.9449158951333441,-1.0,-1.5506849618587937
-0.6221155599405113,-0.7942449114911898,0.5760624790999846,2.8539883387869374
-1.0,0.5634100858882678,-0.35487878378595616,-0.6105020316028905
-0.2120614954347535,0.916121874092749,0.1972505387639536,3.7104595820937605
0.7156579808891248,0.15416106262570328,0.08489667555860114,1.4021789553439343
-1.0,0.5003563574106349,-0.4400962179788783,0.5668915238346615
-0.8841229800009445,-0.5740231672250824,-0.3596289840665101,1.4722869147490831
-0.6640144662177305,-0.5947588499498706,-1.0,-0.6418689818749672
1.0,-0.12831502118849913,0.05627905938579314,4.581358593774356
-0.16238125454437258,0.952878416584265,-0.327732114465366,6.224561487716421
0.05534862313226818,-0.7200675773729983,-0.015138386964397954,1.5722600265035482
0.7890780327397033,0.7027263352726358,0.7669166490506403,5.979159688785764
0.2846395326880915,0.06060615277212311,1.0,-0.4879256850508093
0.38900201477407514,-1.0,-0.7299225673509944,-5.864487049921438
-0.43874844845998306,1.0,-0.5433912833390664,5.991099285673001
-1.0,-0.8824130365175415,0.7598947204917263,12.59476359060833
-0.737410699819341,0.46997977620029996,0.3571607576899791,-2.168192531394155
-1.0,0.8911418586264448,0.6267356120275178,-1.9915443007431524
-1.0,1.0,0.8067832553699363,3.7059975137855807
-0.2337389501142937,0.30027191610929105,0.3106931629823573,0.08398255787692277
0.8491512979769729,0.12705848960907407,0.6663418928527318,4.675639543896168
1.0,1.0,0.49974218833976525,13.431235969579001
-0.8393382976473751,0.08245989330528936,-0.4608530183752244,-1.478599861574823
-0.005416207971521647,0.7626499513256637,-0.36404113291052154,1.9548654253359161
1.0,-0.3903081560874748,0.42106927388891835,4.892571749358977
0.14921431158855647,-0.8838432977117114,-1.0,-13.14172494309216
-1.0,0.33953010728468747,0.6633072806152969,-3.9937505976668697
0.4726197870892679,-1.0,0.7193375441089682,-1.743543716520541
-0.31648486868899695,1.0,-1.0,1.572657614232296
-0.2879286313200633,-0.267520528400661,-0.9689598189583761,-1.6083138577553968
0.7769420871057664,1.0,-0.014083252326916318,8.813015049047122
-0.22900732933491552,-0.2412580182583799,-0.1439631855016601,0.6844843728546744
-0.7287520226925479,-0.48705510909708627,0.7847959229140922,1.5203271699272232
-1.0,0.4267906157930095,0.8682354726006678,-0.624380984693909
-0.9205867703132034,-1.0,1.0,13.975909386824922
-0.8096398411172188,0.5645166183457933,-0.2358593441639274,-3.1423283251795002
0.3542835681027272,-0.9088532866568964,0.8675801783933066,-3.2052888889433344
-0.7280573011075162,0.14295657264701012,-0.4024315192875081,-0.96259695040268
0.6438972503610441,-0.8743237234128314,-0.5387460167273748,-0.6355607264517513
-0.14674811301571755,-1.0,-0.04356320946621772,2.311928774308622
-0.46970165922018237,-0.30355367793951626,0.23792132228417295,-0.20419907896057374
0.41382049372299834,0.4162756345067531,-1.0,-3.082376688926754
0.6549665031672978,0.1750731917687296,0.5390338353855466,2.9226054958355263
0.36885856641885484,-1.0,-1.0,-19.964134288029975
-0.9928763034528914,-0.011247951983906157,-0.40731899701393526,-2.4747894051742954
-0.32872922936443016,-0.5371116519650019,-1.0,-4.45897119908494
0.12909046759083798,-0.7366268656276758,-1.0,-7.532612861217753
-0.20740908510553924,1.0,0.5072037306171633,7.422549737503872
0.7665786145045375,-1.0,0.37061278818991905,-2.721652752570474
-0.5618623524333364,-1.0,-0.7494629483002113,-2.187220794848803
0.19687801637862767,-0.00496456481186458,-0.9605872007189673,-2.250655693397642
1.0,-0.6509794807232381,-0.6662039184536552,3.9331947536890706
-0.20712374955065194,0.16063692621597592,0.7429307569945629,-0.08272722044507637
0.2418469988744072,0.1567743833324604,-1.0,-3.2619402047216592
-0.2378426910910718,-1.0,0.611990589097495,1.2493785546686342
-0.3646651783373924,1.0,-0.7937647726627801,4.982767642392947
-0.17797468491388235,-0.4518498795772614,0.1679716397976856,0.988264138600395
0.7365384295491881,0.23446226820465976,0.8919297310670318,5.006206298651019
0.3128667809568113,0.13858212671928682,0.9420070336426185,0.15628753690847574
-0.11369932762732304,0.8237341159183555,0.28038437577160114,1.5097658626424963
0.3363256628032396,-0.11873460901335031,0.13710019383058158,1.0577860062099353
1.0,-0.8932944088806041,-0.5837538929967601,-3.6943272777810514
0.8173084000096538,-0.6611155969002587,0.445752316469731,1.0804499909571976
0.17081156116858964,0.37473041075613445,0.42263137638004444,1.6215471012972007
-1.0,1.0,1.0,17.533011831106432
-0.2794648278096563,-0.31964448362075437,1.0,-0.13490959013217851
-1.0,0.9141435098647355,0.6276804525859563,-0.18565092466215116
-1.0,-1.0,-0.34631924044383,6.292059372721203
1.0,0.2858307746175657,0.3378816273696379,7.301678763255961
0.5218001052403372,0.5889476002545568,-0.5329795850740318,0.9371026914549432
0.5182088369509221,-0.4797224986042079,1.0,-2.8586533912008325
-0.0002268217084970825,0.19553385178870597,0.9210907899410263,0.1834474918431948
1.0,-0.24529784275662814,-0.5794444811688615,5.7892303990691065
1.0,0.007458162890906284,-0.5055781578011098,4.661129762558827
0.7759838543374487,1.0,0.5336926073165562,7.795353864534158
-1.0,-0.22716217969383434,-0.47882921656656774,-2.5487697575485835
0.062145752506055585,1.0,-0.4158386679669681,10.549136457380634
0.5835048207185431,-1.0,0.6319873850672078,-1.611556881899793
-0.5690551585211194,0.33772452237425044,-1.0,-1.6195015232244092
-0.09483653332974828,-0.19349598398249968,-0.2528540320900272,0.2457565229951203
1.0,-1.0,-0.6326689171658797,-13.716865281259256
-1.0,-1.0,1.0,21.277217386620773
1.0,-0.2339756351726907,0.3669766744624534,4.87258141565225
-1.0,-1.0,0.833475144428351,18.292864986255356
-0.32666493765039784,0.07335904529757986,0.43101377952820874,-0.21306965683116436
1.0,-0.8579602672528102,-1.0,-10.798979457350814
0.6186749334624859,0.9956238730149878,-0.008841352619437526,7.161873912285028
0.4493619857796889,0.3784208933531421,0.40615708534396866,1.1441872135051945
0.45636263730968585,0.7751496492622474,0.1588334297470162,1.4076878607433336
0.12578180930421978,-0.23494630754017698,-1.0,-3.550135957854031
-0.17858330611293471,-0.6751123786220918,1.0,-1.2335505431569607
1.0,0.4982820354440336,0.23850896108557706,8.032926494591889
-0.651183658412352,-1.0,-0.028111900499108167,5.05174091079575
0.4789985787097404,0.6820911562742393,1.0,6.068359907785186
-1.0,0.0017076664925170792,0.4222213770147756,-4.439023925586799
-0.6854862551958218,-0.7085142750317932,0.06433954861358115,1.4020106005460675
0.17804198947991035,-0.014703983740132598,-0.11992685299180605,1.034736752529729
-0.680904689531344,-1.0,0.35170850676240706,6.43218286904667
-0.40298540863102716,0.11559253696242489,-1.0,-2.2511658442559153
0.5446899303042747,0.7726356375538814,0.5462762236437912,3.0808925933345033
0.45148401892159984,0.7389816173038926,-1.0,-2.701910255557356
-1.0,0.9017151458783357,0.21452377878488882,2.03326897838836
1.0,1.0,0.4526557147690784,13.7317320901259
-0.3187982810514378,-0.8663487514216421,0.8702357779608936,-1.1785744962962474
-0.05156130062055819,1.0,-0.5980704439139446,8.9812396372559
-1.0,1.0,1.0,17.653712889925735
1.0,-1.0,-0.17288407505876835,-9.060460974915214
-0.3398329471452457,-1.0,0.42693645214591336,2.458170775090501
-1.0,0.028762668312057205,0.1676850275117534,-4.989586596406427
-0.5513133521220801,0.7966825312426227,-0.6213365316649537,-1.4722582592648774
1.0,0.4126637689030286,0.740147734644667,12.572796826874368
0.5449561289314404,0.1938760185703139,0.9198189278867859,0.19827767938852525
-0.2295015240056748,-0.24564447945367207,0.01569577381840981,0.29527050046921677
1.0,-0.15176116203528922,0.6742746786053586,7.015603824990912
0.16758285781592797,-0.6845525718225094,0.26557116338705633,1.0913747914102796
-0.3852945177039331,0.6359234130392124,-0.6531169672262418,-0.8924616648424043
-0.5972017689426936,-0.6202901492587032,-0.592145684536888,1.107343595866614
-1.0,1.0,0.47521579628956134,1.712616880633286
-0.1592975510283372,-0.19478714447451972,-0.48156100454295503,0.540859044603725
0.383415260339129,0.4640405683146671,-0.8618220522139948,-1.0935091201237739
-0.705621029514,0.08233102417832061,1.0,3.2303227368757526
0.8121732231515,-0.4914052288097446,-0.5556314401404359,1.3880690993461804
-1.0,0.28023753795399076,-0.22357199093610491,-2.5077765960443483
-0.7983795566347354,0.24829279245026536,1.0,2.2342061591991063
-1.0,0.14845200009782888,-0.808981339455924,3.6756493840025954
0.23424822107701337,0.47075996845435,0.6873961199868157,1.0869815711127109
-0.21071790097176435,-0.3324753658984778,0.11429204692201256,0.6470248527725321
-0.5631568622190402,0.0038074156384644287,-1.0,-0.1317921744201015
0.12187558473281701,-0.17660692233205721,1.0,-0.47499492098864404
-1.0,0.21955370717514233,-0.0014555324507732337,-4.424761124980974
0.5458468261205114,-0.2134631668422169,-0.3564338709810073,1.1442567213586408
-0.4798887111034098,-0.8294540490150668,-0.4993627992940348,2.0299804683848626
-0.5320967194390647,-1.0,0.27007159195037533,4.038260259673119
0.9116770101905483,-0.2885020956686126,-0.22543521915304132,2.3535757727810642
-0.09501927417186207,-0.4040252915494189,1.0,-1.2316386237168986
0.11553371718347094,-0.6076786560348229,-0.039803588092602205,0.630006111699823
0.5184985967211719,-1.0,0.762028057148638,-2.380532546881001
-0.9573465357654429,0.473657602901566,0.7423242438851985,-3.085842799092493
0.1463055027826985,1.0,0.6328104386588753,7.698266095867112
0.38685076710085653,0.5796343515618547,-0.5695383865819901,0.9049414410807948
1.0,-0.7153872554746121,-0.005073332051619195,0.7631984329874368
-0.089837432739867,-0.10543191084409398,0.518393712383902,0.25440549163549936
0.2134206585738423,-1.0,0.7591955594767326,-1.9309105884782345
1.0,-0.18600424093025225,1.0,8.994096246472488
0.06947272571029561,-0.18442595473494605,-0.22708712928713282,0.9211859217545109
-0.02044112529315245,1.0,-0.06393051528086202,7.4090107934852165
0.5311857084044422,-0.5465768555530908,-0.7588531445568996,-0.5694752090347036
-1.0,-1.0,0.008562106514438117,7.769318054899473
-0.6344789918058582,1.0,1.0,15.416115930261329
-0.611203749236461,0.16485277905828277,1.0,2.4120736829595026
1.0,-1.0,1.0,-9.924855158578131
0.8975254024149788,-0.3021890037730688,-0.3124442995683536,2.3192951410812905
-0.044434782969621,0.7936916214346603,0.7308246261956495,3.9807090989293163
-1.0,0.34680113472443064,0.11067550388867531,-4.163137966484813
0.28477257850720994,-0.781235658490907,1.0,-4.034571179602787
-0.2961210381549073,-0.7246481873326915,0.25352115753030025,1.0183389435421253
-1.0,1.0,-0.2479209085695595,11.161973586133707
1.0,0.4620362166878953,-1.0,12.274237764421542
-0.944013453328135,-0.2758363471568892,-0.1695169107052641,-1.778371696034493
0.7933329663043449,-0.20183479784760405,0.9625903422906459,1.4606959234187664
0.33220646655221153,1.0,0.578624314965448,8.014652564126017
-1.0,0.9947962202675791,1.0,17.064921489371624
-0.7904265828510881,-0.3460801315632067,-0.24825469735312122,0.656625711441564
1.0,0.2099795224186296,-1.0,10.198684937294342
1.0,-1.0,1.0,-9.741176531797946
0.0912064140725306,-0.6891826305636548,1.0,-2.149373650782836
0.3287521756380043,-0.01916229014945392,0.8976150736679327,-1.027819008472296
0.31211345068842666,0.7391063775715501,-0.6631778175157037,1.688341205494558
-0.2923891606558886,0.8575537260303545,0.13608031824118094,1.2538513638018105
-1.0,0.37392392782164396,-0.44550049420128457,-1.1963871604504313
-0.47482622585429723,0.2936845056276738,0.43282382166644484,-1.2604376835401554
-0.3198306588694071,0.22788078792356004,0.4854861804205004,-1.234788153392184
-0.3221263375449417,0.8237124154363478,-0.33166729969417874,0.8437580080733942
1.0,-0.6831346718027023,1.0,1.6453618918585717
-1.0,0.9574959708277713,-1.0,21.58264288975435
-1.0,-0.2640851280466803,-0.4531785243254609,-1.857456660887397
0.6179809019694669,-0.5612640439822503,0.6944591333580452,0.039811425183052584
-1.0,0.5044823643060876,-0.5296109796848334,0.8580894304786711
-1.0,-1.0,0.9612572720616759,21.20758876162214
-1.0,0.29143260663275306,0.12043110071670693,-4.381762759364816
0.6141872460077522,0.4872181923525345,-1.0,-1.0580393182089367
0.14695898763022375,-0.46280554523299533,0.23699596098173847,1.2255257020119177
-0.8876873553831075,-1.0,-1.0,-0.8606917828166835
1.0,0.6789252157877785,-0.1519138674746765,7.038311833968581
0.3125364287514867,-0.34229032728068187,0.03109516708887461,1.8234844017953644
-0.43641884575899526,-0.12847837104533832,-0.9666143049699645,-0.7890949067347678
0.8873309132762424,-0.24916936311224913,-1.0,0.3474083398918834
1.0,-1.0,0.4980930833073838,-6.84765605698132
0.1736036217403576,-0.4306538076805293,0.4686216767021776,0.9163912713699927
-0.3608767260893355,0.4011121674172249,-0.776791016816786,-1.3555217465859561
0.7116296895129806,-1.0,-1.0,-24.998626398057077
1.0,0.33853522880042464,-1.0,11.17078729368893
-0.22625982820635326,-0.6559411135396873,-0.6095247257984582,0.9746546824829052
-0.5936200234913294,-1.0,0.3065198502440307,4.514410701183459
-0.4590722239969145,-1.0,0.015635518519828473,3.85284836655812
-0.0854386548503614,-0.3827210433315096,-0.22182737581160872,0.8897901672288333
0.0082123087705257,-0.681317023602122,0.5644557376753714,-0.046518303576899234
-1.0,0.7293412860526092,-0.5551826376600146,4.464160837309035
-0.7577210733275865,-0.6539166277057376,-1.0,0.6114481538807196
-0.29570641461828906,0.2406645531956506,-0.2431841419508567,0.10290164069337138
-0.47481236237814683,-0.5697271677753426,-1.0,-3.57568975290819
-0.006290367137432806,-0.5864365791471875,-0.5937797507556999,0.471849379197401
0.1683218301355378,-0.26397223444561524,0.4976170095011694,0.3885734924002402
-0.2898169840186351,1.0,-1.0,2.591051760530858
1.0,-0.42739954779716527,0.5708111143391625,5.054935225704452
1.0,-0.6164431229073553,1.0,3.577258900415405
-0.6887856264752132,1.0,0.11038217071299994,4.463472833148336
0.6130504573004054,0.6419103444556935,0.20270209209540835,2.3643706124771824
-0.5208673871115237,-1.0,-0.2362779380660811,3.3812370495079187
0.6610348849717052,-0.9795757090287966,-1.0,-22.90538538848109
-0.7858993346730347,-0.27827667037818493,-0.358588625088609,0.7558297600166313
0.0639763888383651,-0.7016910418011908,-0.44448016414580027,1.662022588318217
-0.9169483329778931,1.0,-0.057335168886399446,5.8646559523651565
-0.3089562523569389,0.032795365635715834,0.1572290896966897,-0.30885502300459877
-1.0,-0.5560832352290463,-0.7364540547460143,0.019829518124088286
-1.0,-1.0,-0.17820086118155598,6.67452083047241
-1.0,1.0,-1.0,22.78412971877749
-0.8831165996003698,0.45831353486155435,0.08296461553317958,-3.7377142663080076
1.0,1.0,1.0,26.276142860765496
-1.0,-0.9892239333658586,0.5593958753383073,12.647679793122812
-0.25620881204465995,0.6083463627345798,0.5830343050921094,0.6431168578967257
0.2210824029591778,0.6576473673545153,1.0,5.100685249490713
0.6198497587682876,1.0,1.0,10.757828895450864
0.7066372432025478,0.8778781911633946,0.24628627648920176,4.648075432708071
-0.3400030178651392,-0.5434513045494052,0.5827606145264022,0.18128530121259367
-0.8249368809349071,0.31151201329211387,-0.1515543378502726,-2.6573721752428883
0.5042100033748649,0.05419021324175155,0.09773884558194479,2.5872811008515364
0.36186608867694403,1.0,-0.5456459454361027,10.536378235375345
-0.84894514403581,1.0,0.4783073901089143,2.664290570482386
-0.1459731150360737,1.0,-1.0,3.05065301397816
-0.5515216167453225,-0.02338202178875859,0.5709936956304018,-0.4818514871871387
1.0,1.0,-0.502656655519176,20.273596509575885
0.46517009799901987,-0.36669887703247084,0.8178196874606953,0.17337938534811115
0.3003161674313273,-0.6857173271587067,-0.2746941714760225,1.7671753779004438
-1.0,0.9480890802596889,0.9083034654588762,7.186883161984117
0.15615718022793823,-0.5913613608334023,0.6737204693067125,-0.03781843802626568
-0.02331474562144442,-1.0,-0.8264888834390951,-7.893972008100774
0.7750236300689077,-0.12673531193106413,1.0,2.4134786644700124
0.4478092288904214,-0.19131861126245342,0.20545322348746575,1.076611223563234
1.0,0.3275455944532859,-0.8217991459242282,8.104333074248364
1.0,-0.8035281447918126,0.1430137439943151,0.6229675190442395
0.28606817143683827,-0.06545168809308688,0.7768709490233119,-0.672695762590532
1.0,0.8170518262146163,0.4841601435816545,11.553734521955862
0.18975129949645964,-0.5000450091481483,0.9259106376728856,-1.2030228262499203
-1.0,0.47592283773105293,-0.1403958312410012,-2.0286285505847674
-1.0,-1.0,1.0,22.234491274979977
0.13755859206181364,-0.34540192055855123,0.4258381831643483,0.6681042555799369
0.3976026387905103,-0.302688274158587,-0.17510428607600925,0.6141430624981576
1.0,0.5024656839060204,-0.6856835374189516,6.641985846345925
0.8379047222810265,1.0,0.5024417785655206,9.157737873299588
-0.44613479704474623,-0.27317921856750416,-0.008117518035309912,0.29625689956341067
-1.0,-0.03530692447505701,0.403135971030008,-3.783158452978498
-0.9996011324481799,-0.240102524669215,-0.4104202863041462,-2.3851510669974134
1.0,-0.8737631711119354,-0.34051017956977336,-2.2320486279534704
-0.6228365753227412,0.2802832305047578,0.5779716652798546,-1.1387906869547442
0.829791580344257,1.0,0.35046916156502195,8.760056561810961
0.20957907084683902,-0.7244241072007624,0.19805540117900056,0.7348750767312493
0.1651128479916102,0.48886352458125226,1.0,2.9223237414920726
0.3754478327054236,-0.9150521023644296,-0.418094896129396,0.9078826951444727
0.5811709147295643,1.0,-0.9960699395512695,8.914154392699269
1.0,0.22061977166073965,-0.8276481852109283,7.951140739436708
-1.0,0.36986786112616543,0.9357714324346993,0.47031907421834607
-1.0,-1.0,-1.0,3.5786508085403126
-0.5198722223558856,-0.47457422223619106,0.18191181046008564,0.2988598428463373
0.7768223094924611,1.0,-0.8159800616015338,16.08082018461437
1.0,0.5041531537536457,0.07315093155502517,6.679947800661544
0.0855998001282805,-1.0,0.12695188513876632,2.298249475746113
0.23438477158990456,-0.38288069264801927,-0.8410160262476105,-1.500603710399159
0.07368602796989987,-0.08887219212973108,-0.41170697661165057,0.6736666167249523
0.733410436625312,0.7995747375435398,1.0,10.427303280073476
0.23099949778307294,-0.4709115891021376,-1.0,-5.551816059870407
-1.0,-0.6812930728286102,0.08660618660510577,2.0118535109527587
-1.0,0.7125282222086495,-0.3189100016043038,1.092825381921105
0.7278543323288558,0.6107048248062112,1.0,9.852018816355715
1.0,-0.09195022955467325,0.13743709514383284,5.248142203516689
-1.0,-0.24847427549597167,-0.5602540460816483,-1.5535749965931223
-0.140869919009591,-1.0,1.0,-6.553229327054513
-1.0,1.0,0.4040945887149907,2.5852654825532997
0.0190134284604202,1.0,-1.0,4.854769492933275
0.12365166789552617,0.9486360270826284,1.0,10.09770504527414
0.5235793436598348,0.666111692400289,-1.0,-1.8574693522490873
-0.6666898352098072,-0.6972685939419438,1.0,3.5581562340385298
-0.11798964519720334,1.0,0.7250230991357065,9.376084329943653
1.0,-0.03156674166323015,-0.9048117406957163,8.810592132529122
-1.0,0.20834065934741197,-0.368925120358391,-2.1471413527443586
0.3278784011776903,-0.2863715621423557,0.8803057878757465,-0.6887597811064768
-0.13415852094091263,0.15054055702480462,-1.0,-2.5983839797479478
-0.3860854055426659,-0.5126930060831414,1.0,0.1738667438954313
-1.0,0.8691294496762825,0.19736241473291516,0.9172516064969465
1.0,0.5433977082410013,0.24075979066807807,8.367089354900733
-0.3400067005374672,-1.0,0.5541848969869212,2.030904054194592
-0.09593586316627722,-1.0,0.8357320306627682,-2.5601429191256484
0.045691921833186155,0.7732881826096976,-1.0,-3.163474210396297
-0.48559215690007385,-0.06431909430650617,0.6629972891083089,-0.3771433287175824
-0.08710690427931689,-0.739377430015691,0.6942641678840527,-0.03729386310764378
0.008665811518528077,-0.7673721486116567,1.0,-2.7121787323169144
0.17617918410597921,-0.12478504713270144,-0.3923312784397066,1.2159570004315667
1.0,-1.0,-0.05503259288746665,-8.233645263045059
0.26510683729525497,-0.7448778813820811,-0.47486392036022607,1.7163344341395392
0.4796048163548654,-0.8013882224402233,0.3605726636953617,0.9311887615383272
1.0,-0.19613594020495273,-0.4773538109267883,5.289822274609346
0.06584262683674602,-1.0,1.0,-7.248796373818686
-0.47532055108135873,-0.8115068697927161,-0.650487065269628,-0.5160558328810709
0.0422639988543565,0.10185360816393008,1.0,0.7831537447072978
-0.931051671014562,1.0,-1.0,13.394195160402546
0.39862753759787384,0.4035779795820884,0.6079420227080123,1.3573085951151749
0.5085747569355452,0.6177544722388142,0.7901086300725275,1.8468762017353089
0.27762306995510055,1.0,-1.0,4.704224223304559
-1.0,-0.21069085253814812,-0.3491161345228211,-2.893937841840061
-0.5330295652567192,0.6793563882015963,0.4273424115318871,-0.9509629848419454
0.5988352573845783,-0.7678085726978832,0.03407512509808153,1.0853599244458139
0.09452689997247155,1.0,-0.5000928125127131,10.065206915970922
-0.12515997515178157,-0.24024357237608895,0.4995079647436784,0.7920441511185381
0.2621448148017844,-0.022383624705636596,-0.1581930281120858,0.6477988173580308
-0.09570555133548342,0.29446548054866084,-0.18642879750247587,-0.3129179104230366
0.08157972590439289,-1.0,0.15669276556027012,1.6651563457515537
1.0,1.0,0.29380479903379,12.886615928956612
0.378402993673421,1.0,0.8447204693204122,9.102833474988143
0.03680941015513284,-0.7299160687173345,-1.0,-8.566949292557132
-0.556458902776706,1.0,-0.608013545919823,5.6604618828819335
-0.1511387802891322,-0.04086440283360293,0.13002458100513592,0.6348918499801748
0.6850370135831789,0.3627107548780366,0.1325734060424002,2.001242520395939
-0.18172747484240936,0.09886111387666463,-1.0,-2.102104257862558
0.008509215212002097,0.6803342285294482,-0.7858243897946644,0.5940523299531357
-0.4731770525608081,-0.8349877780293733,0.07095782541806894,2.3537805584034976
-1.0,-0.5821337823343442,-0.45189631310934963,-0.6795729520526601
-0.0003221311264212101,-0.3854191287856732,0.5502518084805512,0.6762596184635727
-1.0,-0.32053462653258036,0.19579832753013493,-1.8677462424531146
0.9953833705612527,1.0,-0.2751224949056632,16.70346592503688
1.0,-0.131446495202451,0.5167250957930538,6.694315347478003
0.22084204398203067,-0.5481136942040208,0.8170749111519404,-1.2317545575588313
1.0,0.74629090483018,-1.0,17.355153635575675
1.0,1.0,-0.26487153031718513,15.865600013092184
1.0,-0.3671104190965462,-0.828633139423423,6.565806597359804
-0.4585095177762244,0.6279382370187343,-0.7033704661137272,-1.2631179966523944
0.31991669439447734,-1.0,0.6023077154027778,-0.6405177254538832
0.9821339495645864,0.22542420330083757,-0.7664128819829259,6.491659992139707
0.2751138528136263,-0.22282944708083163,-1.0,-3.682815104461872
1.0,-0.8030361933790611,0.11692437031555136,0.4168637967219959
-0.9980312259238397,-1.0,0.9727737657038917,20.72145202847275
-1.0,-0.3455022234295926,0.39684606456720206,-1.5135114648191323
-1.0,-0.26712100728641075,0.889432014071436,3.020617787198859
1.0,-1.0,0.21039457904468883,-7.925638219248582
0.527081065685679,-1.0,-1.0,-22.25182048153775
1.0,1.0,0.4435451068613028,13.668381960820422
-1.0,1.0,-0.040038770976150495,8.101295236172954
-0.4265940091259668,-1.0,0.48187845574230237,2.183711740417116
0.07627668267913745,0.5637139766491457,-0.5070613117983411,0.7794578682415966
-1.0,-0.37693479172083033,1.0,6.464388887231212
0.5245068826091972,0.8998149349635607,-1.0,2.085028535722034
0.24754132423328934,1.0,0.40088743227954193,7.0213525408331074
0.7920209933522233,-1.0,-0.20845560017859244,-4.851836524184576
0.4255844213042874,-0.5578008028487982,-1.0,-6.864067572898335
0.602365095954893,0.5967088140175356,0.7990700359192295,3.293835982867943
1.0,0.19904454395450988,0.38844983626132223,6.553034791380178
-0.6950105664019652,0.7458407475769699,1.0,8.062300451650051
0.3796254088202162,-0.45429623353712656,-0.2739465045538714,1.4738218487438866
-1.0,1.0,0.5267490666843979,1.8473472299766194
0.8913176277390438,-0.6885906386145453,-0.22407826687847954,1.073036073097463
-0.578808680532771,0.1788779910830125,0.6576155687855638,-1.1991362181747334
1.0,-0.22049887551958336,-0.3650829195375478,4.170652159453567
0.9457230327125847,0.2981638836040008,-1.0,6.797177154621252
-0.5772109813444812,-0.31088473405643247,-1.0,-0.25492748955016803
-1.0,0.242169508829166,1.0,3.0554726521639397
1.0,-0.6155379504179626,0.700630494923326,5.081065139881793
-0.4727149734040572,0.8101945542122224,0.21335578901588725,0.22307780005165298
-1.0,0.29208095554734226,0.9248324464097013,0.42118169161194063
0.5007348389240891,0.5789525644500637,-0.3700628851672776,1.0771896638939957
0.5076616096171029,0.11277397035288983,0.663480046180122,0.9425887894193407
-0.7595829825894596,-0.34301166103695957,0.4619555672406437,0.2475018352981971
-1.0,-0.26052671015207185,-0.0516688233196656,-3.5780325642233217
-0.7786834718463074,-0.9014860777527847,0.01166176529292029,4.569111374619113
0.9129347165588122,0.5889157521192017,-0.5212033959514217,3.3063476929167774
-1.0,-0.6459177492107866,0.19245128966494662,0.7614293613312371
-0.3850348490321225,1.0,-0.0006414022124632268,6.454389433499129
-0.14900246078565527,1.0,-0.889060971325184,5.7446477642033384
-0.7905642496801495,0.8780968657463124,-0.6575676262256571,0.46585446283148524
-0.14720990168568182,-0.290503580232341,-0.039256412466327495,0.3821218491003785
-0.8372271585854922,0.4751254862748484,-0.3724835524188477,-0.796017042420968
-0.24174443710083215,-0.04521821841007223,0.10484515582764242,0.02068480117998911
-0.11333134969804526,0.30173429573997357,0.7335033753710032,-0.41532937268827175
-0.19861112045481333,1.0,-0.8360434762575195,5.907207784941136
0.45659474698449554,-0.7229840647968855,-0.4177146555126008,1.0834992789883624
0.8613239253000367,1.0,1.0,17.599257670081677
-1.0,-0.09394145265737408,-0.11334868155898792,-4.527506356693843
-0.1435903739788853,-0.5879560657649128,0.0961635527916529,1.419919758123937
-1.0,-0.42461261536155837,1.0,7.051923937519573
-0.21576413802673988,0.8697270882962511,-0.7893128796320401,1.4051598397148384
-0.450853967456732,1.0,0.42140480400734215,5.502547576973511
1.0,-0.20211504806240432,0.6851914141840778,6.943014958598015
-0.8422250246497294,0.8854763716492966,-0.38947779377030267,1.2116599921503683
0.6708899156081243,-0.34395049056386395,0.454635228424336,1.15923950728172
-1.0,0.8262845724959134,0.12602444810148916,0.7224905677874913
-1.0,0.6973682506958265,-0.9243162949349402,13.760166398429412
-0.3029505647691546,-0.02642994450297298,-0.5557268940553479,0.0742540168393569
-1.0,0.23012617212778186,-0.7603362569569176,2.822997785300859
-1.0,0.06399584065964037,0.25828072414805026,-5.192315023071735
1.0,-0.24669073465750135,-0.24558213919021554,4.047154129787274
-0.075139190598422,0.8369756205741037,0.9806261514724472,8.394239017852497
-1.0,-1.0,0.26557483660259296,9.998071005734294
0.8822437216148076,1.0,-0.9760985372147635,23.37615245270986
0.9889615695224152,1.0,0.9733558534348037,24.983116878278036
-1.0,0.7901976561216149,-1.0,19.801491936719277
-0.22690816944181336,1.0,-1.0,2.1386714878603614
0.0269606783405254,0.44396763554536944,1.0,2.2465038699167
-0.7091153179569674,-0.28879232884867934,-1.0,2.7368972865093655
-1.0,1.0,-0.363007253028899,11.216529747625659
-0.7917812163541387,0.22917474557385642,-0.4372232182625382,-1.6453596076597967
-0.9712349515327285,-0.0008352191187754876,-0.10049509000444679,-3.7034909961196085
-1.0,-1.0,1.0,22.725841071903755
-0.012197655234061244,0.17126368116378843,-1.0,-2.8437392187605766
-0.3230105051485863,1.0,-1.0,2.1515563399310453
0.4032129479480111,0.9330706986431121,0.1272297863441494,4.947264838256396
-0.05390685674173179,-0.29905677096977157,-0.2650616625313935,1.370105463506333
1.0,-0.6363040974259262,0.6700264059605958,4.606992169510585
-1.0,-0.5059890028602356,-0.08288968562895294,-1.5115699240170775
-0.7541002392650726,-0.18601062419697323,-1.0,2.774383355335035
-1.0,0.6516403328956535,0.7120197270727777,-2.9850364070941944
0.710032084796929,-1.0,0.22023294445750863,-1.5228961125830087
0.13851442325887864,-0.4519568928389044,-0.05713993786955385,1.5416191424472925
-0.0035737503016692873,-0.34167729968108196,1.0,-0.97925999147291
0.20794158014317632,-0.34785293009390306,0.28563101428251736,0.7256757907232676
-0.4765063535458238,-0.7463107323947074,-0.40437767685904147,1.7986009761560242
-0.7990902006368954,1.0,-0.11223887294173185,4.504452356770964
-0.8948981544079639,-0.902500972403137,1.0,12.171833875014032
-1.0,-1.0,0.6230212845193159,14.351742410475516
0.6817705587925857,0.6031865039532538,0.0006405668498044026,1.5479842723436283
0.22482018981418417,0.9310363768429555,-1.0,0.9514405574655955
-0.02429187860888038,-1.0,-1.0,-16.71680307082332
0.5239173299566666,1.0,-0.17234649712351824,9.57333782565197
0.6693058943791075,0.11391408508231904,-0.02950969159337702,1.4539476872045551
0.046058687529821674,-0.5591379223623141,0.5323253454511203,1.3803508349701343
-0.1827741724667522,0.3211308050221098,0.41009515469792834,0.07508615433337518
0.7880179413123434,0.4714325476447918,-0.32648977405315804,1.4587992089008806
-0.7715972287920525,0.288508425235839,-0.35824843698639075,-1.8168244827821058
0.6974286527162494,1.0,0.6483662558877608,7.641449294742056
-0.37010758036044167,0.7292906208469743,-0.9730150538633218,-3.581698306020266
1.0,-1.0,-0.009497957987502303,-7.932830910382466
-0.6124671462013063,0.4492075431672242,0.50635979965328,-1.121231711421514
0.839434302673232,0.8714295501835283,0.24385080454390162,5.53903407196734
1.0,-0.5900697704205637,0.21354660511554036,3.749873083691006
-0.8428702418393641,0.21747809396119178,0.3555286201716388,-3.1111711865546794
0.38716451699145393,1.0,-0.3713087573601237,9.860608415054296
-0.6127478549807504,-0.24347184663440746,0.693059202760407,0.17852847800013988
-0.9048160540849262,-1.0,-0.13062225577449804,7.093654961238046
0.4994580204995154,0.34670702366955664,0.20455198994949253,1.20303916296153
0.4226373136039818,-1.0,1.0,-7.606145467917593
0.37307309330161664,-0.19100623048542165,0.6043604944918337,1.1719963022218942
0.8045625340531823,0.3025854234379337,-0.589746937595198,2.268440003965529
1.0,0.12724663152121107,0.35068411652197473,5.846713015053673
-0.3785097607025616,-0.05409470065429467,-0.4586378633593602,-0.05522810186451632
0.3897498150206491,-1.0,-1.0,-20.31117637390809
-1.0,-0.14011683767920302,-1.0,9.565255375481406
1.0,1.0,0.8946941163196043,21.6416702093678
1.0,-0.039224739486680926,-0.7183725528254303,6.099442345231715
1.0,-0.601022758116925,0.611540151427832,4.157668871985139
-0.012445885676213964,1.0,-0.5382168537727545,8.915450824300251
0.6180689019370387,1.0,1.0,10.535967866427768
1.0,-0.08501692375575498,0.6410335594259398,7.2738412612460985
-1.0,-0.7394717843706426,0.2738269740696193,3.484336621179784
-0.0027124769202242494,-0.6467035492633126,-1.0,-7.483991688388186
-0.11584757265965906,0.1483509706647952,1.0,1.177103916662669
1.0,-0.6739476889583007,0.28865877297881437,2.686488154118411
-0.19644753098762902,0.17705916827652013,0.3511037616612773,-0.14389059532797954
-1.0,-1.0,-0.0429124332996591,7.917912434511511
0.14473517666648927,1.0,-0.5761537918300652,10.548467300134188
-1.0,0.2218342280776029,-0.6596375950470832,1.569081567134763
1.0,1.0,-1.0,38.93737427976438
-0.6309143792573646,1.0,0.017967188526215372,4.861868312959191
-0.31557047544569405,1.0,0.6491228784123573,8.086272645135539
-0.016776872200045423,0.005811906142901391,-1.0,-2.9039401312862787
1.0,0.8662642471971589,-1.0,23.425028290678053
-0.2500476125788187,-0.49031868926681166,-0.8361392468065549,-0.09062266072517788
-1.0,0.7257064210888811,-0.9763752618298114,18.047286373829635
-0.36503354782264874,-0.05600690541501563,-0.018400537764663216,-0.28735690136492426
-0.0389664495427573,-0.3758179525031502,-1.0,-4.247077161642466
-0.4605068582670251,-0.8349777843837245,0.48243426354801766,1.8236865817731078
1.0,-0.09654054980502047,-0.24225191257842904,4.85231376745993
0.7291758974751297,-0.2338993897565278,-1.0,-3.0421475706185728
-1.0,-1.0,-1.0,2.5690474797314238
0.611531657231587,-0.34731036096300705,0.5062247175998824,0.9529731519373301
1.0,-0.20526379721739962,0.05618219243286582,4.5771678904142545
1.0,0.287054910310913,0.5485384309275247,8.286346417161475
0.8942667257277064,0.6166217776486647,-0.5383933262116256,3.840045269237479
0.20085672975808566,-0.24698344826966867,0.20233588922380497,0.8488793844460755
0.0067984173034354445,-1.0,-0.4670720488776643,0.6655933752993788
1.0,0.6914420129556076,0.8203035998869912,17.124334234956272
0.5576847280745538,-0.6151954927043357,-1.0,-8.393136693267287
-0.178331302926517,1.0,1.0,14.782798405459019
1.0,0.7114974556762785,0.03995362600681118,8.521334068676502
-0.45582043957027696,-0.3644684314689095,1.0,1.6801220671134518
0.2523094478997432,0.3787062124766638,-0.4118417014743061,0.7499035313351371
-0.3422000131366505,-0.03449253867825686,-0.6050180420117002,0.4396686856570653
0.27799709472782674,1.0,0.3795424750544403,6.974673342322618
0.14171260454241663,-0.11509770979273526,-0.14500782082140873,2.011044165879184
0.09267905588612124,0.6610411307896404,-0.23461711235799054,1.0093093531052664
0.7532099048960157,-0.18968233197111495,0.9972449117497628,-0.020329059098892932
-0.21079232755051014,-0.9133561380500026,0.7566556930313717,-0.863740662885883
-0.09399382416742386,0.9741966685333581,-0.3341961293680471,7.410572034366808
-1.0,0.8611515759634234,0.0914174750006882,1.7710761415609282
0.26274407168230907,0.3154327030712658,-1.0,-2.374712298736613
-0.5279680916492431,1.0,0.8935867572432648,10.71652337181146
-0.8194816302001966,-1.0,-0.19944823499961206,5.27276359158637
0.5804702161478579,0.303319675943307,-0.9009343341913139,-0.35032060638189766
0.03166130526386235,-0.01868664481721871,0.6655064440305727,0.0899460515810595
-0.6863288947659865,-0.10196290549453257,0.6750832394512496,-0.1653275819155826
0.41951756326934775,-1.0,1.0,-6.916445806103973
0.7292039798288767,-0.44662124827675465,0.49426535897402357,1.8094868506461579
-1.0,1.0,1.0,16.34340329510631
-0.27407789752972356,0.8140564491026583,0.8171543806898673,4.071331255053392
0.0023054581174593025,1.0,1.0,13.164728466651384
0.5534971562669366,-1.0,-0.3948438494441864,-2.544463637364178
-1.0,-0.7649643395620156,-0.43326039631679514,1.725449888014166
0.15387271928190316,-1.0,-0.5913970836073723,-1.7327598127053483
-1.0,-0.47513535426012043,0.1567360325073217,-0.9056850485636151
1.0,-0.0844964884228625,0.5272261461575116,6.925492359773525
0.13874472283355832,-0.804361110491661,-0.1484938586972937,1.595187949983383
0.696986934481719,-0.45726891201290676,0.7665184926963966,1.1320154687980155
-0.11867672913539407,-0.702074470573615,-0.3340001301900075,1.2929211363766837
0.2670986274398206,-0.7309561339433661,-0.47617204026445004,1.5303925572157893
-0.18295750720139847,0.039835495331986825,0.8781884946324006,-0.09242294221042854
-0.07720955531930551,-0.011739097328807624,0.8508046212637399,-1.0640772498092534
-0.19950722283996813,1.0,0.8047912035132883,9.749036329199656
0.12303575236426645,-0.5656416357358249,-0.29295623027688866,1.829143898588939
0.9906490808038475,-1.0,0.9117025047725671,-7.968716601278683
1.0,0.10091276796514248,0.7045872270836662,8.550998821141565
-1.0,0.8140904722104667,-0.217298824612413,2.9264522770742154
-1.0,-0.3033099427722097,-0.15132392557116026,-2.352363506948249
1.0,0.433469324914072,-0.370698915513215,4.233554562482755
1.0,-0.10643175088966461,-1.0,6.881544237446507
0.9620424303216808,1.0,1.0,23.045994607020475
-0.7914157834791833,-0.4071664714206271,0.6329596201968051,1.6695197607548644
-0.01985166205381983,-0.03131086470063971,1.0,-0.23647811722495443
-1.0,0.652675967715717,0.012195259611172293,-1.700385868487758
1.0,-0.48661527164079144,1.0,5.106243870017405
-1.0,0.4123851621086101,-1.0,16.034715704346507
1.0,0.9263877526633508,0.7599582912992477,17.478414949658642
0.14281550512622765,-1.0,0.36746828266665266,1.5348639492483689
0.26955778267452124,-1.0,0.20989032030449617,1.058185979481326
-0.7555749334396042,-0.5264744061878661,0.6845164773869343,1.4611351213397223
-0.4665330995481125,1.0,0.8538928081583388,10.132431890244506
-0.07066683599885337,-0.0760159086543315,-1.0,-2.6441855456755174
0.4020042020692376,0.3946416819730205,0.03668518602000881,1.9672344775471209
0.8224629950335751,-0.3245947149243602,-0.9867755698715941,-2.092286095894576
-0.16109567502883682,0.05174740185086124,-1.0,-2.1830911660981145
-0.6848641418965147,0.16802554349448884,0.12218841442516926,-1.6816097597225808
0.0077474950186069425,-1.0,-0.6969003099304591,-4.630955034369535
-0.15037357219094272,-0.4440649204948748,-0.41353055221334456,1.4076202266490407
-0.5000072208630237,0.13275115049482333,0.7024453952381309,-0.5159767874971215
-1.0,0.7763774137340165,0.8449212443141367,0.8824135162443159
0.929709008864704,0.2164738372394115,0.5169903009386407,6.37708349618
-0.6536362472318553,0.6399231851568039,-0.36154669994094935,-1.9244280315703906
-0.12602764472811034,-0.7593268914861282,-0.07376728743806082,2.3137341740574606
1.0,0.6979170784342832,-0.18852836581672294,6.789294582453849
1.0,-0.172779116867795,0.654450632123381,6.530480742098401
0.1315477657710491,1.0,-0.9001825114051007,8.450952021648478
-0.5000281000861355,-0.3220870749158111,0.8821445231178089,0.5922989255192995
0.9497649671825446,0.4305256572102567,-0.5421702896281277,4.1688331863869585
0.5667786830983321,0.37689884538019647,-1.0,-2.8759683743686217
0.7492272812269061,0.5851721825692935,0.8961112628712526,7.167220542999344
-1.0,0.7890068221483273,0.9212357898188364,5.623381238945376
-0.7617764071547566,-0.173639895771319,-0.5133508169236465,-0.40651472287466994
0.40182268555466005,-0.3417882669696908,1.0,-3.3334404628196355
-0.7157233298298107,-1.0,-1.0,-6.636049439649979
-0.9959806641163578,-0.012386122210926054,-1.0,10.097877318871129
0.768305889969592,0.665139040295623,-1.0,1.592521798044876
-0.389187802900663,0.7725547248650606,0.5907732289956704,1.1594426432493912
-1.0,0.03648015746447908,-0.2606271627936101,-3.427116646409228
-0.4266809513786527,-1.0,0.08809808132345931,3.3253504669120932
0.335649727364127,-1.0,-1.0,-19.518940387405003
-0.19183979286178365,-0.7598215079870132,-0.3380999459786085,2.009643433694715
0.8720206682079634,-0.1811436885445108,-0.792835683204554,3.518302858916061
-0.3464519513253659,0.3618043116040357,1.0,2.8233936006776923
-0.43477228569180104,0.22487833809498303,0.1382793472224766,-1.2210754159371744
1.0,0.46904140359803614,0.13009231777742225,6.342763886371973
1.0,0.8307473951125295,-0.5892078814753945,10.912011410055076
-0.8163021057454065,-1.0,-0.4359585111634041,4.993341980414388
1.0,-0.9278479993720199,-0.8213722060534143,-8.600251809364632
-0.9176544360696599,0.3125872565064205,0.029475158527164202,-4.451988874652614
-0.2054842362370699,0.971004951724427,0.5150349614568457,6.3940792386184215
-0.32528388619014414,-0.602625652671736,-0.560933257100702,1.2045433672569599
0.0256828811689509,-0.8196663738288792,0.061692417128853316,2.2872034119102063
-0.21567884181823493,0.9565838207760287,0.36930682112317204,4.5590258056380915
1.0,-0.41824897534616445,0.8292316463636553,6.6357297941617865
-0.11577262408047129,-1.0,1.0,-6.354854088203568
0.6769454362724292,0.9124276794614987,1.0,10.240356848217663
-1.0,-1.0,-1.0,2.736559862434263
0.008317520135012524,1.0,0.04628364446548505,6.819060762972753
-1.0,0.6942675762005897,-0.01738523402402614,-1.050964776681355
0.8140575055173085,-1.0,-0.46551370556772964,-7.0997774254432535
-0.055129791102639825,-0.08093008789319955,0.38673093669372327,-0.4465512593664635
-0.3790462710396001,-0.7975626170522536,-1.0,-7.9157383287834495
0.15172089732442617,-0.5416542747364725,-0.8748377042624005,-2.274726712957818
-0.08339883287917371,-0.12728032308735115,-0.9211474669899036,-1.9280812742259417
-0.7989968034318884,-0.30805118972166645,-0.3440076596182091,0.6520198174144851
0.02526292454215784,0.20309995511365853,0.08430513684767416,0.11881290320771132
0.6687738661573062,-0.03739090930483635,-0.9638190106185318,-0.9859973034731968
-0.05892426718410082,-1.0,-0.4512578190336858,0.8241775263696836
0.5144497907598531,1.0,-0.8467920966573366,12.243553908070972
-1.0,1.0,0.726024089859661,1.6211404517395585
-0.867601450789734,-1.0,-0.7438676301470968,2.0932883534621283
-0.1894760063384422,-0.4772800582818546,-1.0,-4.909029076060345
-0.12417614237666497,0.5809188990535967,0.8051135519055714,1.4542912175447191
1.0,0.08502133040778448,-0.1315610176778801,5.11072310818853
0.029379028402113594,-0.43145436241036217,0.1581230119467243,1.3383000275979473
-1.0,0.5651743537627267,1.0,5.512557952230892
0.5032392673550179,0.285750136928403,-0.6849095503593994,1.3345315483297666
-0.18564834194459734,1.0,0.40082001703335757,7.526128358180761
0.760081277394379,-0.004237774480786882,-0.29009479427540885,2.052439252172058
-0.4148375126819972,-1.0,-0.9217239119776302,-9.950463460729766
0.36805656536573905,0.11591088677009886,0.23694515538816696,0.7890978419979692
-0.3432944707688479,0.6999542180563767,1.0,6.164564389889723
-1.0,-0.4553925279093394,0.7611293393500664,2.0746770501135012
-0.0358389733285176,-0.22248262728235413,0.8656769415658931,-1.3248523968693848
-0.6407571034034185,-0.08657529100542094,-0.7887529931794484,1.5107568085455365
1.0,0.5572944726727664,0.8118429910840683,15.256360352010013
-0.8123551165809211,-0.3876888164980705,0.4021857294119495,0.2601370205811211
-0.49413602230197573,-1.0,0.10304066480518226,3.9371391215681473
-1.0,-0.9644767177047113,1.0,20.511553236383506
-0.2810265393140019,0.9504534221715544,0.10351477450421953,3.9626693904933963
-0.9739173004940036,1.0,-0.26393949913094383,9.079240475452298
-0.7095545532871634,0.535399401138211,-1.0,1.0703322935070934
-1.0,-0.08829406367813886,-1.0,9.884625699026927
-0.2617655895952411,0.3361396163802828,0.791045680311927,0.667974665249005
0.5720508260110073,0.9820670048213964,0.55955409294032,6.976858907772393
-0.004010274155531679,-0.6385537693447225,0.672619516482992,-0.03148611969690607
-0.5151376955113369,-0.4391194424094449,-0.421853714835714,1.605822301141238
1.0,-0.9092511826449443,0.9523674675904839,-3.424106681262059
-0.6158268476473894,0.7833420576569063,1.0,9.701209667480754
-0.5469119147820423,0.35233119847354044,0.4458847620591584,-1.2674937243612052
-0.1710058009575781,-1.0,-0.3284890602361765,2.570213493679849
0.31352649902150653,-0.004831039585654562,-0.7038318327746624,0.6489173587993802
0.628650679602053,-0.4249303362030754,0.2907007462233355,2.2260664499811686
0.16649162925135852,1.0,0.7304136218884645,8.847839362018727
0.46756503170623165,-0.9147704006423378,1.0,-5.2887185461225785
-0.06346044997868594,1.0,1.0,13.03559761184204
-1.0,-0.5700942094089008,-0.4413949119679059,-0.7869137678041713
1.0,0.7599176937912064,-0.47002377885507385,7.719291104456644
-0.3493309400694977,-1.0,-0.1599302709043957,3.1077299412446697
0.31703083029835155,-0.3388465038378965,0.4757988792169059,0.9302616877961131
0.23711650456208666,-0.5300958240353806,-0.16559773506615372,1.2493717770429469
0.19364700021301662,-0.23416343359992298,-0.04137521791604004,1.7041217412654537
0.9015196281489601,-0.10229793358600014,-1.0,2.565360698481248
1.0,0.5576012485583262,0.2107082947163328,7.945926109114402
0.11857350027967195,-0.5909467176986707,0.055071634117472845,1.6176072081764095
-1.0,0.03469403528051829,-0.13444538085484536,-4.025884792880403
-0.8491841149174588,-1.0,-1.0,-2.341505544620832
-0.36517048718197054,-0.3743780196099378,-0.47858241584575856,1.5947026848783392
1.0,1.0,-1.0,39.03551089817662
-0.43554563865024587,-0.13189572524318072,-1.0,-1.8811398921377331
0.6756362252817096,-0.15357930079844961,1.0,-0.500484279645341
0.6444649261251891,-0.7490926498654409,0.6571770958411502,0.3704680397364457
-1.0,1.0,-0.6810278144574997,12.047623024193992
0.3136954672697754,-1.0,0.11568952618704809,1.69039217842169
-0.47843772121509986,0.7523751876093534,-0.3258297021007015,-0.05713932660689042
0.5168507729649865,-0.9285945351951272,0.979364466566129,-5.034028708239886
-0.6087051585907164,1.0,-1.0,0.36823518894062623
-0.38076916952769757,-0.10270430269211506,-1.0,-2.42747236259293
0.18574332724624698,0.3711658046187547,1.0,2.5608950936987873
-0.3312038520936462,1.0,0.6054230464109505,8.103744626999722
-0.6322650933726992,1.0,0.7943911158391492,7.962894867558938
0.4631398019015769,0.7840543964526392,0.04406510779338357,2.702568324920695
0.01819964772630911,0.22713310494927907,-0.18270106628175387,0.4700130117278577
-1.0,1.0,-0.08014698227948469,8.575810910882561
-0.45036306460699915,-1.0,-0.023719897734452378,3.947381557598417
0.03511968768985252,-1.0,-0.7249428559159119,-4.723539131372724
0.5442057082923768,1.0,-0.1435507538580878,8.345543531324482
0.6473694166005095,-1.0,-1.0,-24.296894597437657
-0.24938116052349857,-0.6197420161955021,-0.20890814025849158,1.4282138398831055
0.14652200959637218,-0.8634041258915095,-0.420605776024394,1.6229701622034174
1.0,0.07403403814110132,-0.10747810590568907,5.344851311152
0.6716066647657828,1.0,1.0,11.429320562997198
0.38976118186123765,0.629011651863945,-0.09503887492923724,0.9854876235170434
-1.0,0.8827750297788333,0.3104500192094517,0.25899179979665843
0.03199043449751171,0.08186141957204462,-0.8696992109281594,-0.9642263414533521
0.06276292524176674,0.6227349564296982,0.9349446873553011,3.051379956264583
-0.2653023790998972,-0.8953683539692703,-0.34436270011411163,2.4620239395915378
1.0,0.8386735280171298,0.6005555120864683,13.804588723389797
0.8718360063279507,-0.8807363226911054,0.8898857415461499,-1.2054194691591724
-0.06645583030915692,-1.0,0.09539257508686139,2.512403337767783
-0.4451585634322066,-0.7014494801947768,0.34899060909325086,1.4988725082634144
1.0,0.3233682160034901,1.0,18.314690287058305
0.8512676135303798,-0.11363260650903007,0.2271072382024295,2.6032815772261557
-0.9792539529072823,-0.5551966957510899,-1.0,4.872119460843394
-1.0,-1.0,0.028191980774485703,8.590320070029797
0.07930660897594777,-0.00746852642847462,-0.2192642217890648,1.035428667101695
0.40413317232286405,-0.4724867228020473,-0.024214442765634336,1.2252915469246355
-0.4123006798368982,-1.0,0.12967549194200312,3.3050675279656807
1.0,1.0,0.4968750408149558,13.917756325705454
-0.6425248518808702,-0.660750053467587,-0.9291331124758073,-0.6544411415182084
-1.0,-0.006953800405155919,1.0,2.9589901399077565
-1.0,-0.593646376282255,0.6104726855681586,2.9243586099308017
-1.0,0.003410490050831605,-0.8127487872424295,3.2008193153634363
0.0486983827794405,0.025190556624545835,0.10190404885281068,-0.7059131104769462
1.0,-0.48415813335047164,0.697258721290678,4.512014951139442
0.13775425843239697,1.0,-0.48874311026088524,10.927520271612783
-0.3856670607914261,-1.0,1.0,-4.172804528967749
0.5491125640960828,-0.7716218851932142,-1.0,-10.717548930527972
-0.659475681912483,-0.27042907591677867,0.22732708468523533,-0.13446241932976014
0.874277287008296,0.5177764944090437,1.0,13.884295360807416
0.06982456567541018,0.8415524051508052,0.34388336424521104,2.402803525831178
-0.2893177568279277,0.4944430165292224,0.36664925838587425,-1.2209873326441159
0.5514203774273914,0.01448178154290547,-0.842948673900618,-0.2011376148559335
0.07247449847895937,-0.14921938872752327,0.42089395435737553,1.1766381980507923
-0.4035008938196267,1.0,0.4340990680606538,6.323901225633435
0.21882417608831872,0.45078742764186375,0.8894980483882118,1.3916618833879333
-0.5830719620952203,-0.07948591688875806,-0.5570501344695742,0.031025283329593478
0.7678670767346918,-1.0,1.0,-7.026418572889178
-0.6206945900329615,-1.0,-0.8753748231271437,-5.465270057154762
0.8833373019028521,0.1112829459374094,1.0,8.214531935001162
-0.06952737728132008,0.17868575654991803,-0.6498216489359121,0.4774471910429541
0.053419836821797295,0.2646707990133639,0.6762042593585014,0.7934592375812481
-0.9931296876041049,-0.2574943101014566,1.0,4.858174686162287
0.35915722040195663,1.0,-0.6342874616178218,10.759009765288887
-1.0,-0.255791940868797,0.4237509343545014,-2.9471133396078906
-0.6302942903067212,-0.27937401914613735,0.8368913189108662,1.3313347761399388
1.0,-0.6856342601938572,0.0456234451960138,2.0346642904519845
-0.39227958851344313,-0.5129046624751283,-1.0,-3.912590891994859
0.7724382314088796,-0.16174175415886616,-1.0,-1.180834015837759
0.20495422866613278,-0.4006898022956402,-0.013208360669460628,2.6169375335193346
0.664945377787753,-0.3449589025084929,-0.38488129086852174,1.7955322934293487
0.7990154170243093,0.09503922796716702,-0.12342204666905388,2.252115962613845
-0.3024991576918201,1.0,0.5253761458838655,6.252558411346389
0.5416212650699956,-0.8272809062421345,-0.3168332825483178,0.48445520469533415
-0.6375990848013833,-0.07691136991575198,0.03744622154772426,0.0005803703606875876
0.4277060462590603,-0.2333446236144563,-1.0,-3.963779669557736
-0.6730848143041988,0.8212810655973981,0.6058419330527085,-0.026791921396587925
-0.17611824682914667,0.4550634102850477,-1.0,-4.132644767236802
0.03167743630543196,-0.15547631205591594,0.3897171518370173,0.40608482509349897
0.5020357925549335,1.0,-1.0,6.704703022059323
-0.4846043391949324,0.4434517065236887,0.14580934235694332,-1.2651561659413642
0.1807421444775057,0.30030006440599144,1.0,2.126136919251242
1.0,1.0,0.40647409268819,13.356718352268569
-1.0,-0.8146652936959387,-0.4716953434382869,3.29660855706731
-0.42379955131664593,-0.38424399025053724,0.9410048105679232,0.41939120359980714
-0.2612988122882043,0.04952059959868471,1.0,0.47941343892276134
0.9879113750676747,1.0,-0.6442905575307509,22.428104794426677
0.31990288318629356,-0.041236813166490416,-0.19169499407020663,1.1502948857124038
-1.0,-0.5183610363740394,-0.23558459449553437,-0.4213729286429502
0.5341291313441081,0.3242932702297683,0.5707448891382743,0.8324618600336872
0.9986134393089772,0.4467743824272339,0.5658581652641363,9.660831119266941
0.06318420967082594,0.8923804208643966,1.0,9.335239951542874
-1.0,-0.13161407150636673,0.5211758722534183,-2.6420589672925536
0.8767198882110936,-1.0,0.27867949363652844,-4.837853228063308
-0.5779805532269826,-0.021006726408055787,0.9633421106313671,1.115936899947266
0.07948284066714106,-1.0,0.9464735749652851,-5.298688092037944
0.5554454150573984,0.5416291787258407,0.5204078325448209,1.9757079148022352
-1.0,0.013849127720094279,1.0,3.087665426498977
-0.6166013201359855,-1.0,-0.4410156879191516,3.2888195556883812
0.16416679508802234,-1.0,-0.5068679933559959,-0.7358461457599077
0.3856350972323883,0.3996011677664464,-1.0,-2.512197464468055
0.7101562974437641,-0.626459093321049,0.18039605297870853,0.7162280647678536
-0.2282715302798315,0.9354204662213403,0.4592829196106605,4.622040439151488
-1.0,-0.7020010593642063,-0.11269604418180568,1.1359520127444593
0.3239957822613142,0.6359727276866789,-0.100694962616652,1.3621051327813711
-0.9355372293100959,-0.24350778585473276,0.8127823088094692,1.1334643004538787
0.4642914953368815,-0.6592089479129233,0.3050568915278593,0.4811685771839115
-0.252960795507031,0.5177568763055378,0.5608829708902934,-0.8375971497159643
0.7296373372395653,0.601364100097056,0.1209544188330185,2.3187499697651983
0.7009971036926952,-1.0,-0.10337680815050598,-1.7467841755902787
-0.8625122819496396,1.0,0.19322314257758189,3.0838311151278837
0.3869847329893661,0.7136369585353404,0.36235946514580575,2.71147658389934
-0.46491646714368695,-0.02423689885773528,0.21191550971401907,-0.4075610476539227
0.40190892879274887,-0.3365695527848944,-0.9365917608103314,-1.4831788610435193
-0.5890957735165312,0.4958741587165161,-0.28972864370447216,-1.731508399948342
0.8940510527731784,-0.34739586863748273,-0.10097017022455401,3.1527413831679
1.0,-0.005364060966943418,1.0,12.401286714073112
-0.5286354967417497,-1.0,-0.6888213395708178,-1.351908617093078
0.37810232998989624,0.637632311833872,-0.4240951573873386,1.2009871855322134
-1.0,0.023526149985639844,-0.7113129006656209,1.2335806966290737
-0.3346578378196683,-0.3813072363689529,-1.0,-2.5917524210201783
0.02187836894125983,1.0,-0.17003272174400474,8.600251440753096
-0.627631779182553,-0.4642416667654332,1.0,1.8861026915920207
-1.0,0.24708089657161425,-0.7784057000714513,4.387479133015519
-1.0,-0.8559788751786392,1.0,18.05754476720388
0.13478201906067855,0.24445097483389833,-1.0,-3.1666904372642373
0.6876274091590799,0.8544907666211485,0.008619073934133192,3.8999855792357945
0.88781424765662,-1.0,-0.15002233079031968,-5.965577384706619
1.0,-1.0,0.5413636230957948,-6.880525313634258
-0.8593854856115357,1.0,-0.5701013592119626,6.332503810719446
-1.0,1.0,0.6486657038859978,0.5450415848245089
0.050771496395482396,-1.0,-1.0,-17.304569533574902
0.9789789303915148,0.06696052506164918,1.0,12.382947456472293
0.4948240478689394,-0.4740694456704413,0.4741787963941104,1.0052557020904869
0.660224597790148,1.0,-0.8381954079188472,13.251083665134866
-1.0,0.1587696168307653,-1.0,13.469751532726669
0.7161416844436026,0.40076494969970855,0.00924860234100544,2.554608874417778
1.0,-1.0,0.01081322576061905,-8.06819568456474
-0.7914902762714415,-0.9709653203306998,0.6209363151080212,6.782067127171523
-0.16155913637356867,1.0,-0.20728664732822089,7.804551239236889
0.6048759435998818,0.05504383296966253,0.5414268803052282,1.5856844195304813
0.11872104421702945,-1.0,0.28619127186541604,2.162703360592128
-0.5697704867068651,-1.0,-0.51873100027366,2.0979220485786416
0.9210385194863209,0.7838991377497788,-0.1362932237193757,6.621978455146552
-0.9845855878815593,-1.0,1.0,19.61780206817429
-0.08658684609743328,1.0,0.889074354079161,11.28110940490957
-0.15383492911856078,0.6921257914461907,-0.2342275556911646,0.44917655988881466
-0.2934323413861921,0.35282937603894693,1.0,2.8475921040787844
-0.7988523451912746,-0.7364810521684753,1.0,5.997759427698509
0.45184072126890906,0.05110354954898,0.5971760585246406,1.360586940192781
0.973881532225636,-1.0,0.5007569569643868,-6.793192568229848
1.0,0.1836725002863535,0.31312604589993387,6.522765400886729
0.41712138505622853,0.28893569698206867,-1.0,-2.67651098437145
0.3196175516392219,0.13689376263312658,-0.3089283135282326,1.7707455058257742
0.4929552789571747,0.6659079530004499,0.5617364102922129,2.0057186613933444
-0.15860096269678792,-0.14897281683005703,0.28988126680550175,0.3402896498577004
0.017953737349093224,-0.7613474419767448,-0.37324492033003276,1.2328894926350125
0.37031815051520844,1.0,-0.00804387589945632,7.72971388727998
0.6532684482115123,0.16908865046007326,-0.7338901535998863,1.2593083515363592
-0.3721386759243044,0.9109360780398053,-0.717162540233067,1.8457656000656986
0.13718216505172598,0.08523218355178752,-0.053498157084931774,1.4858873361333709
1.0,0.3701357100280791,0.5093793934646225,9.008285337780196
-0.2459114403699949,-1.0,-0.9637766575276105,-14.276669849832153
-0.4487988544714314,1.0,0.2986094902260794,5.724248096687055
-0.4875257908244579,0.7454674691158238,1.0,7.841399438269389
-0.16213143879266112,-0.3810567246106171,-0.083776250393925,1.0552664979574835
0.08077683505392286,-0.5288337940167578,0.4040490310305729,0.2634682860652538
0.4436641881907335,0.5579499332107467,-0.7277173370546031,0.21900253755971089
0.021593052292963932,-0.7056233375743985,0.9744599981061406,-1.6615010458461998
1.0,-1.0,-0.20106816900554825,-8.47518449197256
0.643151627487629,0.4033569994559869,-0.8340861312748169,1.32727692746447
-0.9454995744551375,-0.7369092260832035,1.0,12.345053651667754
1.0,-0.8895225632407664,-1.0,-14.369910580550265
-0.34452553982225,1.0,0.05982708818265525,6.579144936780832
-0.03542953185128317,-0.07575784771089755,0.37374304390037283,-0.4570618487435468
-0.6411906039510398,-1.0,0.16310584071421141,5.276361434875516
0.957886987859127,0.42100473274987693,-1.0,8.576697186950415
0.8979904586940524,0.40011609977507945,-1.0,4.83693448141293
1.0,-0.31751104748249537,-0.016383117493937283,4.03302380088028
1.0,-1.0,1.0,-8.85474274597621
0.6698613701669509,-0.10184121124016898,1.0,0.04345156981652187
-0.14741264555493605,-0.265727559579237,-1.0,-3.771500361901195
0.3227969314385406,-1.0,1.0,-7.078187423284893
0.9877924783853314,0.4656204489580844,-0.5860173883347435,5.853271808166937
0.2546793169877255,1.0,0.42215092630037976,7.875412824525582
0.06795364966155626,-0.5509155133291217,0.5302956032820456,0.5758736830285823
0.7205568480583047,0.6462480831996569,0.5856150624748337,3.8771263603352524
-0.9305160370838881,1.0,0.7846969226290379,3.0972658910261215
1.0,1.0,-0.020446139785920137,13.823991357761297
0.09022610258073649,-0.6655991986735577,0.7497390603393017,-0.06161213547988739
-0.012579783597362004,0.03742914808241693,0.45825392668390696,0.1200523084947128
-0.434183628345421,-0.09315383853295334,-1.0,-1.2398855723126287
-1.0,-0.8650424985013627,-1.0,3.9148014541324834
1.0,0.42516194238144944,0.19747696597214026,6.412866170762192
-1.0,1.0,1.0,17.012687202106218
-0.05755367779531362,-0.5167024953562689,-0.4615890003549461,0.752309971585289
-0.3492787274479898,0.3100359485768571,0.07590802593457924,-1.8962463360398267
0.015795648955236885,1.0,-0.4511379357728329,9.534227314609035
0.18076163557179337,-0.2325286781619358,-1.0,-3.760113847008224
0.43501924638749156,-0.25348152108604816,0.583638375630452,1.4849163621567993
0.6019375275411885,-0.7014139881428143,-0.5972459982460319,0.7035288688247073
-0.34564150620006817,1.0,0.9270920098431261,13.16047308299036
-0.4838801937175732,0.8304829212357605,0.4436554121877887,0.9685771225873764
0.22798063698793225,-0.5136571159655894,-0.6698055706822827,-0.08172801261831636
-0.35512365194014284,0.3744200362508565,0.005625421891834126,-1.2614511679725946
1.0,1.0,0.14717983057795725,13.931044639827807
-0.5510739037582417,1.0,-0.144159408096747,6.163408203753071
-0.17744840151641883,0.7593722241226932,0.4990670022288257,0.9815490366503463
-1.0,-1.0,0.19083754178535517,9.081744922821407
0.9511517542563308,-0.18317730922611575,-0.2239020903713944,4.007853112834891
-1.0,0.6440473470842936,-0.33447450191089767,0.9233133475268037
-0.8663668579459411,-0.01047654210822313,-0.718799855956292,1.2764432420206224
-0.2379576002725876,-0.32078842086648196,-0.43359802611199694,0.22881409288112697
0.7388830433228928,-0.0033943796187243525,0.9006716812000934,1.7901296067952448
0.2569980977814039,0.2936205464360697,-0.23448611258188,0.8622182469605144
0.07326393363891581,0.9691099894523216,-1.0,2.3563097608923176
-0.9181769013303833,1.0,-0.02675561686435568,5.752600369432712
0.7708755382004833,0.10775946263345593,-0.11535497673379069,1.4046511972774685
1.0,-0.4086765599482054,0.6665038655118471,6.439869490926941
-0.23815575203157913,-0.1449829637970268,-0.29690713014667347,0.3535770861325921
-0.39461390595401635,-1.0,-0.5299639892600989,-0.03949795816048962
-0.19780928493000793,-0.7850562685200975,0.6207585864297234,0.10429351893196365
-0.20258247694847253,-0.17075288383122045,-1.0,-2.983176221228825
1.0,1.0,0.9903362221253567,26.267508794982945
-0.9266684594990016,0.4250473685851093,0.7884319847242214,-2.1507595203011287
-0.13084572909634562,0.8716610915312937,-1.0,-1.7159626634113052
-1.0,-0.552504377284843,0.10287397588277769,-0.535902129105312
-0.6014814951070648,-0.4569889682709882,0.46637459587456465,0.23129614609397597
-1.0,0.8118270553617932,-0.27991477287352096,3.3637629431880525
-1.0,1.0,-0.3950975971103836,12.384057034618248
0.08014362168501177,1.0,-0.23419034527214855,8.0992050736202
-0.28358105918914256,1.0,-1.0,2.2090207779155957
-0.9703349594573212,-0.9687740852815254,1.0,17.647571582604456
1.0,0.2794694493046377,1.0,16.58801475009301
-0.6615642809582225,-0.039135518735610164,-0.9449993109178878,1.9263754797870152
-0.6170439363047224,-0.2292533975755533,0.8893008513583447,0.07113267674630108
-0.5459177488808578,0.24930116484989684,-0.012828657242668573,-1.0476684131181178
-1.0,0.7318454751712316,0.04745868428716915,-0.1984627670892004
-1.0,0.8178630418566377,-0.6943401027446112,7.9689845454898425
-0.2183256957858326,-1.0,0.8556077230625414,-2.0375895703774853
